Family,Subfamily,Genus,Species,CommonName
Salmonidae,Coregoninae,,,whitefish
,,Coregonus,,whitefish
,,,Coregonus acrinasus,
,,,Coregonus albellus,
,,,Coregonus aff. albellus Brienzer,
,,,Coregonus aff. albellus Thuner,
,,,Coregonus albula,vendace
,,,Coregonus alpenae,longjaw cisco
,,,Coregonus alpinus,
,,,Coregonus aff. alpinus Brienzer,
,,,Coregonus aff. alpinus Thuner,
,,,Coregonus anaulorum,
,,,Coregonus arenicolus,
,,,Coregonus artedi,cisco
,,,Coregonus atterensis,
,,,Coregonus austriacus,
,,,Coregonus autumnalis,Arctic cisco
,,,Coregonus baerii,
,,,Coregonus baicalensis,Baikal whitefish
,,,Coregonus baunti,
,,,Coregonus bavaricus,
,,,Coregonus bezola,
,,,Coregonus brienzii,
,,,Coregonus candidus,
,,,Coregonus chadary,Khadary whitefish
,,,Coregonus clupeaformis,lake whitefish
,,,Coregonus clupeoides,Powan
,,,Coregonus confusus,
,,,Coregonus danneri,
,,,Coregonus duplex,
,,,Coregonus fatioi,
,,,Coregonus cf. duplex AGH-2010,
,,,Coregonus fatioi,
,,,Coregonus fera,
,,,Coregonus fluviatilis,
,,,Coregonus fontanae,
,,,Coregonus gutturosus,Lake Constance whitefish
,,,Coregonus heglingus,
,,,Coregonus aff. heglingus Walen,
,,,Coregonus aff. heglingus Zurich,
,,,Coregonus hiemalis,
,,,Coregonus hoferi,
,,,Coregonus holsata,
,,,Coregonus hoyi,bloater
,,,Coregonus huntsmani,Atlantic whitefish
,,,Coregonus intermundia,
,,,Coregonus johannae,deepwater cisco
,,,Coregonus kiletz,
,,,Coregonus kiyi,kiyi
,,,Coregonus ladogae,
,,,Coregonus laurettae,Bering cisco
,,,Coregonus lavaretus,European whitefish; common whitefish
,,,Coregonus litoralis,
,,,Coregonus lucinensis,
,,,Coregonus lutokka,
,,,Coregonus macrophthalmus,
,,,Coregonus maraena,Maraena whitefish
,,,Coregonus maraenoides,
,,,Coregonus maxillaris,
,,,Coregonus megalops,Lacustrine fluvial whitefish
,,,Coregonus migratorius,Arctic cisco
,,,Coregonus muelleri,
,,,Coregonus muksun,muksun
,,,Coregonus nasus,broad whitefish
,,,Coregonus nelsonii,Alaska whitefish
,,,Coregonus nigripinnis,blackfin cisco
,,,Coregonus nilssoni,
,,,Coregonus nipigon,
,,,Coregonus nobilis,
,,,Coregonus oxyrinchus,houting
,,,Coregonus palaea,
,,,Coregonus aff. palaea Biel,
,,,Coregonus aff. palaea Neuchatel,
,,,Coregonus pallasii,
,,,Coregonus peled,peled
,,,Coregonus pennantii,Gwyniad
,,,Coregonus pidschian,humpback whitefish
,,,Coregonus pollan,Irish pollan
,,,Coregonus pravdinellus,
,,,Coregonus profundus,
,,,Coregonus reighardi,shortnose cisco
,,,Coregonus renke,
,,,Coregonus restrictus,
,,,Coregonus sardinella,Sardine cisco; least cisco
,,,Coregonus steinmanni,
,,,Coregonus stigmaticus,Schelly
,,,Coregonus subautumnalis,
,,,Coregonus suidteri,
,,,Coregonus cf. suidteri AGH-2010,
,,,Coregonus cf. suidteri Ex74D1,
,,,Coregonus cf. suidteri Ex74D2,
,,,Coregonus cf. suidteri Ex74D3,
,,,Coregonus cf. suidteri Ex74D4,
,,,Coregonus cf. suidteri Ex74D5,
,,,Coregonus cf. suidteri Ex74D6,
,,,Coregonus cf. suidteri Ex74E1,
,,,Coregonus cf. suidteri Ex74E2,
,,,Coregonus cf. suidteri Ex74E3,
,,,Coregonus cf. suidteri Ex74E4,
,,,Coregonus cf. suidteri Ex74E5,
,,,Coregonus cf. suidteri Ex74E6,
,,,Coregonus cf. suidteri LJDQ-2022,
,,,Coregonus suspensus,
,,,Coregonus trybomi,
,,,Coregonus tugun,tugun
,,,Coregonus ussuriensis,Amur whitefish
,,,Coregonus vandesius,
,,,Coregonus vessicus,
,,,Coregonus wartmanni,Blaufelchen
,,,Coregonus widegreni,Valaam whitefish
,,,Coregonus zenithicus,shortjaw cisco
,,,Coregonus zuerichensis,
,,,Coregonus cf. zuerichensis AGH-2010,
,,,Coregonus zugensis,
,,Prosopium,,freshwater whitefish
,,,Prosopium abyssicola,Bear Lake whitefish
,,,Prosopium coulterii,pygmy whitefish
,,,Prosopium cylindraceum,round whitefish
,,,Prosopium gemmifer,Bonneville cisco
,,,Prosopium spilonotus,Bonneville whitefish
,,,Prosopium williamsoni,mountain whitefish
,,Stenodus,,
,,,Stenodus leucichthys,Sheefish; inconnu
,,,Stenodus nelma,
,Salmoninae,,,trout; salmon; char
,,Brachymystax,,
,,,Brachymystax lenok,Lenok; lenok trout
,,,Brachymystax savinovi,
,,,Brachymystax tsinlingensis,
,,,Brachymystax tumensis,
,,Hucho,,
,,,Hucho bleekeri,Sichuan taimen
,,,Hucho hucho,huchen
,,,Hucho ishikawae,
,,,Hucho perryi,
,,,Hucho taimen,taimen
,,Oncorhynchus,,
,,,Oncorhynchus aguabonita,Golden trout
,,,Oncorhynchus apache,Apache trout
,,,Oncorhynchus chrysogaster,Mexican golden trout
,,,Oncorhynchus clarkii,cutthroat trout
,,,Oncorhynchus formosanus,
,,,Oncorhynchus gilae,Gila trout
,,,Oncorhynchus gorbuscha,pink salmon
,,,Oncorhynchus iwame,Iwame trout
,,,Oncorhynchus kawamurae,
,,,Oncorhynchus keta,chum salmon
,,,Oncorhynchus kisutch,coho salmon
,,,Oncorhynchus masou,cherry salmon
,,,Oncorhynchus mykiss,rainbow trout
,,,Oncorhynchus nerka,sockeye salmon
,,,Oncorhynchus rhodurus,Japanese Amago
,,,Oncorhynchus tshawytscha,Chinook salmon
,,,Oncorhynchus tshawytscha x Oncorhynchus kisutch,
,,Parahucho,,
,,,Parahucho perryi,Japanese huchen
,,Salmo,,
,,,Salmo abanticus,Abant trout
,,,Salmo akairos,
,,,Salmo aphelios,
,,,Salmo balcanicus,
,,,Salmo baliki,
,,,Salmo carpio,
,,,Salmo caspius,Caspian trout
,,,Salmo cenerinus,
,,,Salmo cenerinus 637 HS-2020,
,,,Salmo cenerinus 640 HS-2020,
,,,Salmo cenerinus BOLD:AAB3872,
,,,Salmo cettii,Mediterranean Trout
,,,Salmo chilo,
,,,Salmo ciscaucasicus,Caspian salmon
,,,Salmo coruhensis,Coruh trout
,,,Salmo dentex,
,,,Salmo euphrataeus,Euphrates trout
,,,Salmo ezenami,
,,,Salmo fahrettini,
,,,Salmo farioides,Balkan Brook Trout
,,,Salmo ferox,
,,,Salmo fibreni,
,,,Salmo ghigii,
,,,Salmo ischchan,Sevan trout
,,,Salmo kottelati,Antalya trout
,,,Salmo labecula,Seyhan trout
,,,Salmo labrax,Black sea salmon
,,,Salmo letnica,Ohrid trout; Lake Ohrid brown trout
,,,Salmo lourosensis,
,,,Salmo lumi,
,,,Salmo macedonicus,Macedonian trout
,,,Salmo macrostigma,
,,,Salmo marmoratus,Marble Trout
,,,Salmo marmoratus x Salmo trutta,
,,,Salmo montenigrinus,
,,,Salmo munzuricus,
,,,Salmo multipunctatus,Draa trout
,,,Salmo nigripinnis,
,,,Salmo obtusirostris,Adriatic trout
,,,Salmo ohridanus,
,,,Salmo okumusi,Okumus trout
,,,Salmo opimus,Opimus trout
,,,Salmo oxianus,
,,,Salmo pallaryi,Lake Sidi Ali trout
,,,Salmo pelagonicus,
,,,Salmo pellegrini,
,,,Salmo peristericus,Prespa trout
,,,Salmo platycephalus,flathead trout
,,,Salmo rhodanensis,Rhone trout
,,,Salmo rizeensis,Rize trout
,,,Salmo salar,Atlantic salmon
,,,Salmo schiefermuelleri,
,,,Salmo stomachicus,
,,,Salmo taleri,
,,,Salmo tigridis,Tigros trout
,,,Salmo trutta,river trout; brown trout; sea trout
,,,Salmo viridis,
,,,Salmo visovacensis,
,,,Salmo zrmanjaensis,
,,,Salmo abanticus complex sp. H1,
,,,Salmo abanticus complex sp. H2,
,,,Salmo caspius complex sp. H1,
,,,Salmo caspius complex sp. H2,
,,,Salmo trutta complex sp. GP-2022,
,,,Salmo trutta complex sp. Lt-2021,
,,Hybrids,,
,,,Oncorhynchus mykiss x Salmo salar,
,,,Salmo trutta x Salvelinus,
,,Salvelinus,,
,,,Salvelinus agassizii,Silver trout
,,,Salvelinus albus,white char
,,,Salvelinus alpinus,Atlantic char
,,,Salvelinus anaktuvukensis,Angayukaksurak char
,,,Salvelinus andriashevi,Chukot char
,,,Salvelinus boganidae,Boganida char
,,,Salvelinus colii,
,,,Salvelinus confluentus,bull trout
,,,Salvelinus curilus,
,,,Salvelinus czerskii,
,,,Salvelinus drjagini,Dryanin's char
,,,Salvelinus elgyticus,small-mouth char
,,,Salvelinus evasus,
,,,Salvelinus faroensis,
,,,Salvelinus fimbriatus,
,,,Salvelinus fontinalis,brook trout
,,,Salvelinus fontinalis x Salvelinus malma,
,,,Salvelinus gracillimus,
,,,Salvelinus grayi,
,,,Salvelinus gritzenkoi,
,,,Salvelinus inframundus,
,,,Salvelinus jacuticus,Yakutian char
,,,Salvelinus japonicus,
,,,Salvelinus killinensis,
,,,Salvelinus krogiusae,
,,,Salvelinus kronocius,
,,,Salvelinus kuznetzovi,
,,,Salvelinus lepechini,
,,,Salvelinus leucomaenis,whitespotted char; white spotted char
,,,Salvelinus levanidovi,
,,,Salvelinus lonsdalii,
,,,Salvelinus mallochi,
,,,Salvelinus malma,Dolly Varden
,,,Salvelinus malma x Salvelinus leucomaenis,
,,,Salvelinus maxillaris,
,,,Salvelinus murta,
,,,Salvelinus namaycush,lake trout
,,,Salvelinus namaycush x Salvelinus fontinalis,
,,,Salvelinus neiva,nieva
,,,Salvelinus neocomensis,
,,,Salvelinus obtusus,
,,,Salvelinus perisii,
,,,Salvelinus profundus,
,,,Salvelinus salvelinoinsularis,
,,,Salvelinus schmidti,
,,,Salvelinus struanensis,
,,,Salvelinus taimyricus,
,,,Salvelinus taranetzi,
,,,Salvelinus thingvallensis,
,,,Salvelinus tolmachoffi,
,,,Salvelinus umbla,
,,,Salvelinus vasiljevae,
,,,Salvelinus willoughbii,
,,,Salvelinus youngeri,
,,Salvethymus,,
,,,Salvethymus svetovidovi,long-finned charr
,Thymallinae,,,grayling
,,Thymallus,,
,,,Thymallus aeliani,
,,,Thymallus arcticus,Arctic grayling
,,,Thymallus baicalensis,Baikal black grayling
,,,Thymallus bailolenensis,
,,,Thymallus brevicephalus,
,,,Thymallus brevipinnis,
,,,Thymallus brevirostris,Mongolian grayling
,,,Thymallus burejensis,
,,,Thymallus flavomaculatus,Yellow spotted grayling
,,,Thymallus grubii,Amur grayling
,,,Thymallus ligericus,
,,,Thymallus mertensii,
,,,Thymallus nigrescens,Kosogol grayling
,,,Thymallus nikolskyi,
,,,Thymallus pallasii,East Siberian grayling
,,,Thymallus svetovidovi,
,,,Thymallus thymallus,European grayling
,,,Thymallus tugarinae,lower Amur grayling
,,,Thymallus yaluensis,
